order_id,customer_id,order_date,region,product_category,price,quantity,coupon_code,revenue
1,38,10/7/2024,West,Home,51.16,1,WELCOME10,51.16
2,236,11/1/2024,North,Clothing,24.75,3,,74.25
3,73,11/4/2024,South,Clothing,59.01,3,,177.03
4,256,10/7/2024,South,Home,362.88,2,,725.76
5,204,7/14/2024,East,Clothing,191.1,3,,573.3
6,134,3/14/2024,West,Books,169.26,3,,507.78
7,145,6/23/2024,North,Electronics,173.59,1,,173.59
8,130,11/18/2024,North,Clothing,60.17,4,,240.68
9,72,1/13/2024,West,Home,8.58,4,,34.32
10,238,5/8/2024,West,Clothing,16.63,1,WELCOME10,16.63
11,282,4/7/2024,South,Clothing,65.21,3,WELCOME10,195.63
12,179,8/14/2024,South,Clothing,192.66,1,,192.66
13,277,5/19/2024,West,Books,33.32,4,,133.28
14,255,12/12/2024,South,Clothing,38.39,3,SPRING20,115.17
15,253,10/7/2024,East,Clothing,44.69,2,WELCOME10,89.38
16,157,8/31/2024,North,Books,78.81,1,WELCOME10,78.81
17,51,2/24/2024,East,Clothing,27.25,2,SPRING20,54.5
18,69,12/29/2024,North,Clothing,95.99,1,,95.99
19,216,9/9/2024,East,Electronics,11.71,3,,35.13
20,242,12/27/2024,North,Clothing,18.09,2,,36.18
21,87,6/24/2024,South,Home,210.79,4,,843.16
22,142,10/23/2024,South,Home,38.85,2,,77.7
23,8,8/18/2024,South,Electronics,124.66,3,,373.98
24,23,12/1/2024,East,Electronics,26.08,4,,104.32
25,2,3/30/2024,East,Books,254.9,2,,509.8
26,210,10/14/2024,East,Electronics,12.68,4,,50.72
27,265,11/8/2024,North,Books,11.46,1,WELCOME10,11.46
28,217,8/30/2024,East,Home,132.19,3,WELCOME10,396.57
29,142,2/3/2024,South,Clothing,56.92,3,,170.76
30,116,1/10/2024,East,Home,6.77,1,,6.77
31,122,11/19/2024,South,Home,33.6,4,,134.4
32,31,3/22/2024,East,Home,29.2,1,,29.2
33,72,3/20/2024,North,Books,142.76,4,SPRING20,571.04
34,50,6/24/2024,East,Home,101.85,1,,101.85
35,4,5/13/2024,South,Books,48.1,4,WELCOME10,192.4
36,281,7/6/2024,North,Clothing,160.48,2,,320.96
37,44,10/7/2024,West,Books,51.91,1,,51.91
38,77,11/10/2024,South,Books,9.57,1,,9.57
39,27,8/26/2024,South,Electronics,162.12,4,SPRING20,648.48
40,110,3/20/2024,North,Home,6.55,1,,6.55
41,298,7/5/2024,East,Electronics,45.45,4,,181.8
42,16,11/3/2024,South,Clothing,106.01,1,SPRING20,106.01
43,65,3/4/2024,South,Clothing,47.69,4,,190.76
44,197,3/24/2024,West,Electronics,187.71,1,WELCOME10,187.71
45,26,8/4/2024,West,Books,115.82,2,,231.64
46,227,7/29/2024,East,Books,71.47,4,WELCOME10,285.88
47,283,4/30/2024,West,Home,131.27,3,,393.81000000000006
48,154,11/7/2024,North,Clothing,20.54,3,WELCOME10,61.62
49,105,7/25/2024,West,Books,12.82,4,WELCOME10,51.28
50,23,4/26/2024,South,Home,195.32,3,SPRING20,585.96
51,266,1/28/2024,North,Electronics,89.12,4,,356.48
52,196,10/6/2024,West,Books,248.82,2,,497.64
53,127,3/10/2024,North,Books,45.2,4,,180.8
54,280,10/6/2024,South,Electronics,15.08,3,,45.24
55,156,10/22/2024,West,Electronics,99.06,4,,396.24
56,84,3/7/2024,North,Electronics,9.96,1,,9.96
57,167,11/29/2024,East,Clothing,41.63,3,,124.89000000000001
58,137,4/16/2024,South,Books,51.53,1,SPRING20,51.53
59,289,6/3/2024,South,Clothing,64.57,4,,258.28
60,267,10/7/2024,East,Books,108.51,4,WELCOME10,434.04
61,280,5/7/2024,South,Clothing,62.64,1,,62.64
62,144,3/28/2024,West,Home,120.26,3,,360.78000000000003
63,240,9/14/2024,West,Books,106.68,1,SPRING20,106.68
64,88,6/22/2024,North,Home,78.11,2,,156.22
65,282,8/27/2024,North,Electronics,234.31,1,,234.31
66,244,1/18/2024,South,Electronics,12.24,3,,36.72
67,75,7/3/2024,East,Clothing,27.99,2,WELCOME10,55.98
68,191,10/16/2024,South,Home,34.13,3,WELCOME10,102.39000000000001
69,217,11/27/2024,North,Books,233.4,1,,233.4
70,152,1/3/2024,North,Books,82.17,4,,328.68
71,184,12/18/2024,North,Clothing,77.33,2,,154.66
72,260,12/12/2024,West,Electronics,21.43,4,,85.72
73,254,3/24/2024,South,Home,7.54,2,,15.08
74,263,2/25/2024,South,Home,25.87,3,,77.61
75,53,1/8/2024,West,Home,96.91,3,,290.73
76,3,8/15/2024,South,Home,58.93,4,,235.72
77,77,6/8/2024,East,Electronics,67.89,3,,203.67000000000002
78,150,12/1/2024,East,Books,96.54,2,,193.08
79,204,12/9/2024,West,Home,420.92,2,,841.84
80,264,7/17/2024,North,Home,38.58,2,,77.16
81,78,11/21/2024,North,Books,26.82,3,,80.46000000000001
82,201,11/7/2024,South,Home,57.18,2,,114.36
83,76,4/2/2024,East,Home,282.31,4,,1129.24
84,44,12/20/2024,North,Clothing,207.57,1,,207.57
85,21,8/3/2024,West,Books,19.03,4,,76.12
86,31,8/1/2024,West,Electronics,154.9,2,,309.8
87,37,3/15/2024,East,Electronics,50.4,2,,100.8
88,264,4/27/2024,East,Home,52.21,4,,208.84
89,58,5/22/2024,South,Home,80.14,3,WELCOME10,240.42000000000002
90,241,2/26/2024,North,Home,27.51,2,WELCOME10,55.02
91,211,8/3/2024,West,Electronics,67.55,4,,270.2
92,97,1/2/2024,East,Home,172.15,4,WELCOME10,688.6
93,270,7/22/2024,West,Electronics,61.94,1,,61.94
94,11,11/28/2024,South,Electronics,71.48,1,,71.48
95,280,8/27/2024,East,Home,127.85,1,WELCOME10,127.85
96,153,5/26/2024,West,Electronics,87.38,1,WELCOME10,87.38
97,203,3/3/2024,South,Electronics,94.97,4,,379.88
98,149,11/17/2024,West,Books,10.75,3,SPRING20,32.25
99,141,11/4/2024,West,Clothing,182.95,4,,731.8
100,194,10/11/2024,North,Home,40.9,2,,81.8
101,95,3/28/2024,East,Books,116.28,2,WELCOME10,232.56
102,61,10/21/2024,North,Books,49.48,1,,49.48
103,153,5/28/2024,West,Books,15.29,3,,45.87
104,131,4/7/2024,West,Books,133.37,1,,133.37
105,221,6/28/2024,North,Books,12.32,1,,12.32
106,104,4/20/2024,South,Clothing,276.75,3,,830.25
107,267,2/29/2024,West,Clothing,144.57,3,,433.71
108,183,12/16/2024,West,Home,298.87,2,,597.74
109,199,1/15/2024,South,Books,117.94,4,,471.76
110,195,11/4/2024,North,Books,63.74,3,,191.22
111,177,2/14/2024,South,Home,96.04,4,,384.16
112,55,1/17/2024,North,Clothing,151.64,3,,454.91999999999996
113,16,7/11/2024,South,Electronics,60.13,3,WELCOME10,180.39000000000001
114,171,4/19/2024,West,Electronics,45.49,1,,45.49
115,21,9/8/2024,East,Clothing,80.64,2,,161.28
116,119,1/11/2024,East,Books,17.53,4,,70.12
117,279,2/15/2024,West,Home,55.58,4,,222.32
118,115,8/4/2024,West,Clothing,10.55,1,,10.55
119,98,3/19/2024,South,Clothing,40.59,3,SPRING20,121.77000000000001
120,182,4/13/2024,East,Electronics,26.96,2,WELCOME10,53.92
121,11,12/21/2024,North,Home,21.04,3,SPRING20,63.12
122,97,11/11/2024,West,Books,176.42,3,,529.26
123,184,12/19/2024,North,Home,35.06,3,,105.18
124,57,6/19/2024,West,Books,25.52,1,,25.52
125,218,7/11/2024,South,Books,228.14,4,SPRING20,912.56
126,232,9/18/2024,West,Clothing,14.56,4,,58.24
127,97,3/31/2024,East,Books,159.93,4,SPRING20,639.72
128,26,11/28/2024,West,Books,216.28,2,,432.56
129,142,2/25/2024,North,Electronics,69.97,2,,139.94
130,213,10/25/2024,West,Books,23.09,3,WELCOME10,69.27
131,117,10/3/2024,South,Books,18.92,3,SPRING20,56.760000000000005
132,135,8/26/2024,South,Books,43.77,1,WELCOME10,43.77
133,206,3/29/2024,North,Books,301.4,4,,1205.6
134,185,10/1/2024,South,Electronics,60.93,3,SPRING20,182.79
135,25,4/2/2024,East,Clothing,76.61,1,,76.61
136,138,7/30/2024,East,Clothing,61.89,1,,61.89
137,200,5/23/2024,South,Electronics,30.49,3,WELCOME10,91.47
138,249,1/18/2024,South,Books,90.22,1,WELCOME10,90.22
139,22,7/8/2024,East,Electronics,63.04,3,SPRING20,189.12
140,297,5/15/2024,North,Clothing,82.53,1,,82.53
141,78,2/25/2024,South,Electronics,26.18,3,,78.53999999999999
142,220,5/10/2024,East,Clothing,76.66,2,,153.32
143,178,5/12/2024,West,Home,38.87,1,SPRING20,38.87
144,46,1/17/2024,North,Books,16.03,1,,16.03
145,145,3/9/2024,East,Electronics,33.78,2,,67.56
146,235,10/13/2024,South,Clothing,115,4,,460
147,46,2/22/2024,North,Books,14.8,4,,59.2
148,64,12/20/2024,South,Books,17.05,3,,51.150000000000006
149,36,7/6/2024,North,Electronics,37.5,1,,37.5
150,34,8/30/2024,South,Books,24.18,3,WELCOME10,72.53999999999999
151,131,8/16/2024,West,Books,133.46,1,,133.46
152,84,2/1/2024,East,Books,43.88,3,,131.64000000000001
153,49,12/30/2024,North,Electronics,122.04,3,,366.12
154,289,6/9/2024,North,Home,82.09,4,,328.36
155,254,11/2/2024,West,Home,59.16,2,,118.32
156,157,11/3/2024,North,Clothing,11.79,4,,47.16
157,56,1/6/2024,North,Home,325.22,4,WELCOME10,1300.88
158,211,10/16/2024,East,Books,27.3,4,,109.2
159,288,5/8/2024,East,Books,322.13,3,WELCOME10,966.39
160,29,9/22/2024,North,Books,6.97,4,,27.88
161,223,2/1/2024,South,Electronics,22.67,4,,90.68
162,137,12/10/2024,East,Electronics,275.28,2,,550.56
163,110,2/8/2024,East,Books,101.19,3,,303.57
164,100,5/19/2024,West,Books,26.91,3,,80.73
165,33,10/27/2024,North,Electronics,31.74,3,,95.22
166,9,6/20/2024,North,Home,114.39,2,SPRING20,228.78
167,85,9/20/2024,West,Home,29.14,4,,116.56
168,51,4/22/2024,North,Home,84.74,1,,84.74
169,80,4/6/2024,West,Home,26.34,4,,105.36
170,170,12/15/2024,East,Home,313.51,3,WELCOME10,940.53
171,109,12/26/2024,South,Home,14.97,1,,14.97
172,212,6/1/2024,West,Home,60.03,1,WELCOME10,60.03
173,25,10/26/2024,West,Clothing,199.4,1,,199.4
174,114,6/28/2024,West,Electronics,28.95,3,,86.85
175,277,9/23/2024,West,Books,100.78,3,,302.34000000000003
176,45,4/4/2024,North,Clothing,96.83,4,,387.32
177,272,2/19/2024,South,Books,226.87,3,,680.61
178,159,10/1/2024,West,Clothing,45.09,4,,180.36
179,276,5/4/2024,South,Electronics,30.46,2,WELCOME10,60.92
180,252,5/18/2024,West,Clothing,28.27,2,,56.54
181,155,3/2/2024,North,Books,37.63,3,,112.89000000000001
182,236,5/15/2024,South,Electronics,134.75,2,,269.5
183,87,7/26/2024,South,Electronics,84.2,2,,168.4
184,228,5/8/2024,East,Electronics,45.68,3,SPRING20,137.04
185,54,9/16/2024,West,Home,22.96,2,,45.92
186,244,2/21/2024,North,Books,89.55,3,,268.65
187,291,7/14/2024,South,Home,9.71,2,,19.42
188,101,3/22/2024,South,Clothing,68.37,2,,136.74
189,229,11/11/2024,West,Home,37.04,1,,37.04
190,289,11/18/2024,North,Clothing,78.46,4,WELCOME10,313.84
191,281,11/13/2024,West,Home,84.18,1,SPRING20,84.18
192,212,1/20/2024,South,Home,185.52,2,,371.04
193,230,6/21/2024,East,Books,187.72,1,WELCOME10,187.72
194,95,12/9/2024,North,Books,85.04,2,,170.08
195,167,3/2/2024,East,Clothing,87.48,3,WELCOME10,262.44
196,176,1/22/2024,North,Clothing,172,2,,344
197,232,11/15/2024,East,Electronics,136.85,3,,410.54999999999995
198,80,4/4/2024,North,Home,72.08,2,,144.16
199,64,5/9/2024,East,Books,123.23,4,,492.92
200,88,12/6/2024,East,Home,54.05,4,SPRING20,216.2
201,299,8/22/2024,West,Books,32.65,1,WELCOME10,32.65
202,203,7/7/2024,South,Electronics,105.47,3,,316.40999999999997
203,195,7/23/2024,South,Electronics,44.86,3,,134.57999999999998
204,217,1/23/2024,West,Home,16.54,4,,66.16
205,227,5/22/2024,North,Home,118.95,1,,118.95
206,159,6/23/2024,West,Clothing,100.28,1,,100.28
207,146,8/24/2024,South,Clothing,52.23,3,,156.69
208,189,4/14/2024,West,Electronics,9.69,2,WELCOME10,19.38
209,207,10/15/2024,West,Electronics,208.72,4,,834.88
210,146,7/27/2024,East,Electronics,94.3,4,,377.2
211,168,7/17/2024,East,Clothing,24.19,1,,24.19
212,164,11/6/2024,West,Electronics,59.79,3,,179.37
213,157,6/1/2024,South,Home,5.28,4,,21.12
214,151,8/5/2024,East,Home,169.38,2,,338.76
215,295,6/12/2024,East,Electronics,100.54,1,,100.54
216,170,2/27/2024,West,Clothing,11.13,4,,44.52
217,206,6/8/2024,West,Clothing,99.09,2,,198.18
218,154,9/7/2024,North,Books,328.8,4,,1315.2
219,231,10/22/2024,West,Books,17.23,4,WELCOME10,68.92
220,241,9/27/2024,North,Clothing,12.93,2,,25.86
221,49,4/20/2024,South,Books,221.72,1,,221.72
222,179,9/26/2024,North,Books,98.21,4,,392.84
223,106,1/20/2024,South,Clothing,153.71,2,,307.42
224,183,5/23/2024,South,Books,162.41,2,WELCOME10,324.82
225,257,12/19/2024,South,Home,197.68,3,,593.04
226,273,6/18/2024,West,Home,318.77,3,,956.31
227,276,6/12/2024,South,Books,118.54,2,,237.08
228,266,1/26/2024,West,Books,73.28,3,,219.84
229,113,6/28/2024,South,Books,71.27,3,,213.81
230,221,2/4/2024,North,Home,41.91,2,,83.82
231,52,5/30/2024,South,Electronics,40.65,3,,121.94999999999999
232,139,10/16/2024,South,Electronics,209.4,2,,418.8
233,124,4/29/2024,South,Clothing,63.35,2,,126.7
234,271,12/21/2024,North,Home,63.88,1,,63.88
235,192,11/13/2024,West,Books,59.04,1,,59.04
236,22,5/15/2024,East,Clothing,56.18,2,,112.36
237,175,6/9/2024,West,Electronics,226.44,1,WELCOME10,226.44
238,132,5/11/2024,West,Clothing,36.09,2,WELCOME10,72.18
239,209,11/19/2024,North,Clothing,256.57,1,,256.57
240,55,12/18/2024,West,Books,13.58,2,,27.16
241,72,6/23/2024,North,Electronics,195.4,2,,390.8
242,15,8/5/2024,North,Electronics,14.69,3,WELCOME10,44.07
243,206,4/2/2024,East,Books,6.31,2,,12.62
244,144,9/12/2024,North,Books,70.06,2,,140.12
245,213,4/9/2024,East,Books,131.91,3,,395.73
246,115,12/22/2024,South,Clothing,32.85,4,,131.4
247,239,12/6/2024,North,Books,17.24,1,,17.24
248,45,2/28/2024,East,Home,38.86,4,,155.44
249,38,3/5/2024,North,Home,319.6,4,,1278.4
250,151,2/10/2024,West,Books,84.83,3,,254.49
251,13,11/30/2024,East,Electronics,28.75,2,,57.5
252,216,3/19/2024,North,Electronics,147.76,2,,295.52
253,126,12/26/2024,East,Home,209.03,1,WELCOME10,209.03
254,44,3/3/2024,West,Clothing,41.14,2,,82.28
255,295,10/30/2024,South,Clothing,39.64,1,WELCOME10,39.64
256,92,10/10/2024,West,Electronics,92.03,4,,368.12
257,113,6/19/2024,East,Books,130.48,2,,260.96
258,254,1/15/2024,South,Home,33.53,2,,67.06
259,227,12/15/2024,South,Home,26.83,4,,107.32
260,172,9/23/2024,West,Home,122.68,2,,245.36
261,185,6/12/2024,South,Home,16.38,1,,16.38
262,74,8/9/2024,North,Clothing,24.73,4,WELCOME10,98.92
263,90,12/1/2024,East,Home,55.27,4,SPRING20,221.08
264,28,8/5/2024,West,Home,59.16,2,WELCOME10,118.32
265,44,1/6/2024,West,Clothing,126.7,1,,126.7
266,2,8/21/2024,East,Clothing,52.74,1,,52.74
267,128,4/10/2024,South,Books,20.15,4,,80.6
268,95,8/2/2024,North,Home,57.51,3,,172.53
269,31,6/6/2024,South,Electronics,18.16,4,WELCOME10,72.64
270,65,11/24/2024,South,Electronics,18.22,2,WELCOME10,36.44
271,151,1/30/2024,East,Books,46.05,1,,46.05
272,99,2/8/2024,West,Clothing,22.57,4,,90.28
273,132,12/24/2024,North,Electronics,69.54,1,,69.54
274,71,3/19/2024,North,Books,24.33,1,,24.33
275,141,11/6/2024,East,Clothing,45.84,3,,137.52
276,296,10/25/2024,West,Electronics,43.05,1,,43.05
277,231,8/16/2024,West,Electronics,20.17,4,WELCOME10,80.68
278,84,11/16/2024,East,Home,51.44,1,,51.44
279,240,3/9/2024,South,Books,77.3,4,,309.2
280,177,2/14/2024,East,Electronics,40.24,1,,40.24
281,270,4/11/2024,South,Books,97.45,2,WELCOME10,194.9
282,165,12/6/2024,West,Books,187.3,4,,749.2
283,280,3/14/2024,North,Home,71.05,4,,284.2
284,123,3/21/2024,East,Electronics,78,2,,156
285,250,2/5/2024,South,Books,101.64,3,,304.92
286,54,8/18/2024,South,Home,215.74,2,,431.48
287,170,5/23/2024,East,Clothing,7.35,3,,22.049999999999997
288,247,2/9/2024,North,Clothing,66.45,2,,132.9
289,222,5/10/2024,North,Clothing,5.49,2,,10.98
290,245,4/23/2024,West,Books,23.51,1,,23.51
291,205,12/19/2024,North,Home,112.84,1,SPRING20,112.84
292,106,12/1/2024,South,Electronics,229.75,4,WELCOME10,919
293,37,1/16/2024,West,Electronics,10.33,1,,10.33
294,113,5/23/2024,North,Books,44.2,1,,44.2
295,145,3/7/2024,North,Home,123.72,1,,123.72
296,159,5/1/2024,North,Books,451.22,2,,902.44
297,116,10/1/2024,East,Books,51.4,2,,102.8
298,107,8/18/2024,North,Electronics,113.4,1,,113.4
299,213,11/26/2024,West,Clothing,42.57,1,,42.57
300,292,5/26/2024,North,Clothing,36.98,1,,36.98
301,259,6/2/2024,North,Clothing,19.42,4,,77.68
302,214,11/1/2024,West,Home,35.62,2,,71.24
303,94,10/20/2024,South,Books,36.43,2,,72.86
304,165,1/21/2024,West,Home,42.06,2,,84.12
305,110,10/23/2024,South,Clothing,211.46,1,,211.46
306,284,11/4/2024,East,Clothing,195.06,2,WELCOME10,390.12
307,29,8/26/2024,East,Clothing,53.6,1,WELCOME10,53.6
308,131,1/19/2024,West,Books,29.74,3,WELCOME10,89.22
309,228,12/1/2024,North,Home,108.76,2,,217.52
310,293,6/28/2024,North,Electronics,21.44,4,,85.76
311,229,10/20/2024,North,Books,64.07,1,WELCOME10,64.07
312,169,1/31/2024,North,Clothing,33.9,2,,67.8
313,19,10/23/2024,North,Clothing,5.38,2,,10.76
314,226,7/20/2024,East,Electronics,100,4,SPRING20,400
315,47,11/20/2024,North,Clothing,26.17,2,,52.34
316,218,9/11/2024,South,Electronics,20.67,2,,41.34
317,113,12/2/2024,North,Clothing,33.52,1,,33.52
318,3,11/15/2024,West,Clothing,153.53,2,WELCOME10,307.06
319,99,4/25/2024,South,Books,53.51,4,,214.04
320,285,8/7/2024,West,Electronics,46.98,1,,46.98
321,207,10/3/2024,East,Home,15.71,1,,15.71
322,204,12/27/2024,South,Clothing,27.5,3,,82.5
323,171,9/19/2024,South,Electronics,40.35,3,,121.05000000000001
324,283,1/25/2024,North,Electronics,175.4,4,SPRING20,701.6
325,233,1/1/2024,South,Clothing,441.2,3,,1323.6
326,59,6/25/2024,East,Clothing,9.83,3,WELCOME10,29.490000000000002
327,38,9/2/2024,North,Electronics,16.19,2,,32.38
328,238,1/22/2024,West,Clothing,244.27,3,,732.8100000000001
329,235,1/1/2024,North,Home,51.39,4,,205.56
330,268,3/17/2024,South,Books,141.52,4,,566.08
331,7,12/3/2024,South,Books,249.44,3,,748.3199999999999
332,97,3/24/2024,East,Electronics,111.77,4,WELCOME10,447.08
333,143,10/13/2024,East,Home,78.75,4,,315
334,101,12/9/2024,East,Books,142.82,3,,428.46
335,204,10/16/2024,East,Clothing,7.83,4,,31.32
336,192,7/29/2024,East,Electronics,154.4,4,SPRING20,617.6
337,33,1/23/2024,West,Books,84.22,4,WELCOME10,336.88
338,111,5/11/2024,West,Home,31.61,3,,94.83
339,178,2/4/2024,North,Books,26.7,4,,106.8
340,129,2/19/2024,South,Home,144.64,1,,144.64
341,151,3/29/2024,North,Clothing,8.48,1,SPRING20,8.48
342,98,7/17/2024,East,Books,333.76,3,,1001.28
343,165,6/14/2024,South,Clothing,42.74,2,WELCOME10,85.48
344,284,5/20/2024,East,Clothing,194,2,,388
345,157,10/20/2024,East,Electronics,78.75,3,,236.25
346,53,12/1/2024,North,Clothing,199.62,2,,399.24
347,103,1/7/2024,South,Home,19.37,1,,19.37
348,223,4/2/2024,South,Electronics,93.07,1,,93.07
349,8,9/16/2024,South,Home,73.7,4,,294.8
350,273,9/9/2024,South,Electronics,20.39,1,SPRING20,20.39
351,232,10/15/2024,North,Home,8.85,3,WELCOME10,26.549999999999997
352,158,12/7/2024,West,Electronics,57.12,4,WELCOME10,228.48
353,271,6/21/2024,South,Home,149.34,2,,298.68
354,31,6/6/2024,South,Home,14.16,1,WELCOME10,14.16
355,137,10/29/2024,North,Home,21.52,1,,21.52
356,169,11/18/2024,West,Home,343.9,1,WELCOME10,343.9
357,159,1/29/2024,East,Clothing,74.97,3,WELCOME10,224.91
358,221,3/25/2024,West,Electronics,9.1,2,,18.2
359,193,10/26/2024,South,Books,248.9,1,WELCOME10,248.9
360,232,8/10/2024,East,Home,9.28,2,,18.56
361,141,4/3/2024,West,Books,112.84,2,WELCOME10,225.68
362,146,10/3/2024,West,Electronics,476.43,4,,1905.72
363,251,6/8/2024,South,Home,38.44,1,,38.44
364,11,10/8/2024,East,Clothing,270.05,4,,1080.2
365,29,8/21/2024,South,Clothing,36.04,4,,144.16
366,134,11/15/2024,South,Books,154.56,4,SPRING20,618.24
367,43,2/29/2024,South,Home,34.79,2,WELCOME10,69.58
368,87,8/26/2024,South,Clothing,62.12,1,,62.12
369,79,9/5/2024,North,Books,40.44,2,WELCOME10,80.88
370,210,1/18/2024,East,Books,243.01,4,WELCOME10,972.04
371,201,5/30/2024,East,Electronics,14.88,1,,14.88
372,276,9/26/2024,South,Clothing,17.7,3,,53.099999999999994
373,154,1/31/2024,East,Books,94.51,3,,283.53000000000003
374,273,11/2/2024,North,Home,30.62,4,,122.48
375,261,12/22/2024,West,Electronics,108.64,3,,325.92
376,156,5/29/2024,West,Clothing,14.43,1,,14.43
377,132,3/12/2024,West,Clothing,185.65,1,SPRING20,185.65
378,187,1/4/2024,East,Clothing,106.62,3,,319.86
379,13,5/31/2024,East,Home,9.71,4,,38.84
380,131,9/25/2024,North,Books,12.88,3,SPRING20,38.64
381,159,7/24/2024,North,Electronics,13.6,2,SPRING20,27.2
382,134,9/3/2024,West,Home,66.39,4,SPRING20,265.56
383,145,1/8/2024,East,Clothing,129.62,3,SPRING20,388.86
384,97,11/4/2024,South,Books,22.03,2,,44.06
385,237,1/31/2024,West,Electronics,37.25,4,,149
386,288,9/21/2024,South,Electronics,135.43,1,WELCOME10,135.43
387,236,4/13/2024,North,Home,113.46,3,SPRING20,340.38
388,100,12/18/2024,North,Clothing,46.12,3,WELCOME10,138.35999999999999
389,281,3/25/2024,West,Home,120.84,3,SPRING20,362.52
390,22,3/14/2024,North,Clothing,150.41,4,,601.64
391,34,6/16/2024,North,Books,37.55,4,,150.2
392,5,11/8/2024,East,Books,13.3,4,,53.2
393,40,7/7/2024,South,Home,21.41,3,,64.23
394,125,4/28/2024,West,Clothing,29.81,1,,29.81
395,68,10/8/2024,East,Electronics,35.87,4,,143.48
396,163,3/6/2024,North,Books,17.9,4,,71.6
397,163,4/26/2024,North,Books,8.57,3,,25.71
398,43,4/17/2024,North,Home,141.4,1,,141.4
399,211,4/13/2024,West,Books,119.3,2,,238.6
400,39,5/26/2024,South,Home,89.3,2,,178.6
401,177,12/8/2024,East,Electronics,11.62,3,SPRING20,34.86
402,123,5/9/2024,West,Home,29.42,2,,58.84
403,210,6/11/2024,South,Home,120.32,2,SPRING20,240.64
404,262,5/25/2024,South,Books,143.86,4,WELCOME10,575.44
405,231,9/24/2024,West,Electronics,27.4,4,,109.6
406,220,2/23/2024,West,Home,8.3,2,WELCOME10,16.6
407,297,11/11/2024,North,Home,166.27,3,WELCOME10,498.81000000000006
408,198,7/29/2024,West,Clothing,26.63,4,SPRING20,106.52
409,6,1/12/2024,South,Clothing,43.29,4,WELCOME10,173.16
410,8,12/29/2024,West,Books,76.49,2,,152.98
411,294,12/5/2024,South,Clothing,9.69,3,,29.07
412,34,1/1/2024,South,Books,77.7,2,WELCOME10,155.4
413,28,8/9/2024,West,Electronics,121.26,2,WELCOME10,242.52
414,180,12/7/2024,West,Home,9.28,4,,37.12
415,78,4/1/2024,West,Books,77.86,2,WELCOME10,155.72
416,31,9/11/2024,North,Home,115.63,1,,115.63
417,175,3/25/2024,North,Electronics,6.66,3,WELCOME10,19.98
418,10,8/15/2024,West,Clothing,48.94,2,,97.88
419,260,5/13/2024,West,Electronics,28.63,2,,57.26
420,228,5/19/2024,West,Home,38.78,3,,116.34
421,81,3/10/2024,North,Home,49.39,3,,148.17000000000002
422,285,9/22/2024,West,Home,75.64,3,WELCOME10,226.92000000000002
423,166,6/23/2024,East,Electronics,194.92,2,,389.84
424,53,11/26/2024,North,Electronics,102.15,2,WELCOME10,204.3
425,64,8/9/2024,North,Clothing,140.74,1,WELCOME10,140.74
426,124,6/9/2024,South,Books,172.55,2,WELCOME10,345.1
427,222,2/12/2024,East,Clothing,101.92,3,,305.76
428,147,11/15/2024,North,Home,90.94,3,,272.82
429,158,5/31/2024,South,Clothing,40.04,2,WELCOME10,80.08
430,40,3/4/2024,North,Clothing,33.67,4,,134.68
431,285,3/4/2024,South,Books,19.86,4,,79.44
432,55,6/8/2024,East,Clothing,160.48,4,,641.92
433,30,10/1/2024,South,Home,124.5,2,,249
434,184,6/17/2024,South,Electronics,11.13,2,,22.26
435,146,9/18/2024,East,Clothing,57.72,3,,173.16
436,72,4/22/2024,West,Home,196.26,3,WELCOME10,588.78
437,92,4/14/2024,South,Clothing,107.14,4,,428.56
438,185,12/4/2024,West,Electronics,21.18,3,WELCOME10,63.54
439,52,6/17/2024,South,Electronics,42.4,3,SPRING20,127.19999999999999
440,205,6/2/2024,West,Home,125,4,,500
441,63,7/15/2024,North,Electronics,15.2,4,,60.8
442,103,3/23/2024,South,Electronics,20.69,2,,41.38
443,180,8/2/2024,North,Books,33.46,3,WELCOME10,100.38
444,97,2/16/2024,East,Books,105.17,3,,315.51
445,31,1/14/2024,South,Electronics,106.05,4,WELCOME10,424.2
446,151,1/22/2024,North,Clothing,179.58,3,,538.74
447,262,3/21/2024,South,Clothing,13.17,4,,52.68
448,96,9/3/2024,North,Electronics,66.5,3,,199.5
449,205,4/4/2024,West,Home,14.49,1,SPRING20,14.49
450,117,4/22/2024,North,Books,108.75,2,,217.5
451,23,11/1/2024,West,Home,100.4,1,,100.4
452,222,2/21/2024,East,Electronics,28.38,3,SPRING20,85.14
453,286,5/22/2024,North,Electronics,64.3,4,SPRING20,257.2
454,19,6/7/2024,North,Books,145.61,1,SPRING20,145.61
455,53,1/11/2024,South,Books,113.56,3,WELCOME10,340.68
456,123,9/17/2024,North,Books,46.1,1,WELCOME10,46.1
457,32,7/1/2024,South,Books,185.99,1,,185.99
458,227,11/11/2024,South,Electronics,29.75,4,,119
459,222,4/8/2024,West,Clothing,50.14,3,SPRING20,150.42000000000002
460,174,10/24/2024,North,Electronics,36.72,4,,146.88
461,236,2/5/2024,East,Books,92.78,1,,92.78
462,272,4/24/2024,West,Home,576.59,4,SPRING20,2306.36
463,200,7/3/2024,East,Electronics,191.95,3,,575.8499999999999
464,177,5/21/2024,South,Electronics,25.79,2,SPRING20,51.58
465,212,9/7/2024,South,Clothing,218.92,1,,218.92
466,284,9/24/2024,North,Clothing,261.85,1,WELCOME10,261.85
467,148,11/18/2024,East,Books,73.83,3,,221.49
468,80,5/29/2024,East,Electronics,122.98,3,,368.94
469,215,3/22/2024,East,Clothing,255.38,4,,1021.52
470,12,5/2/2024,West,Clothing,24.18,3,WELCOME10,72.53999999999999
471,230,4/4/2024,West,Home,34.26,3,,102.78
472,94,7/8/2024,West,Electronics,130.09,4,,520.36
473,272,3/26/2024,South,Books,106.28,2,,212.56
474,180,8/31/2024,West,Electronics,9.04,1,SPRING20,9.04
475,46,3/1/2024,West,Books,50.29,1,SPRING20,50.29
476,151,8/15/2024,South,Books,167.74,3,WELCOME10,503.22
477,110,8/31/2024,North,Clothing,146.64,1,WELCOME10,146.64
478,104,12/20/2024,East,Home,216.39,4,,865.56
479,169,12/13/2024,West,Electronics,148.68,1,SPRING20,148.68
480,173,7/21/2024,North,Electronics,180.63,2,,361.26
481,274,5/16/2024,East,Clothing,158.62,4,,634.48
482,89,7/22/2024,West,Electronics,21.66,2,WELCOME10,43.32
483,231,7/28/2024,South,Books,65.51,3,,196.53000000000003
484,241,6/4/2024,South,Books,47.99,1,WELCOME10,47.99
485,83,6/13/2024,West,Electronics,85.2,4,,340.8
486,15,4/2/2024,East,Electronics,52.35,2,SPRING20,104.7
487,165,3/25/2024,South,Electronics,39.86,4,,159.44
488,27,10/26/2024,South,Home,55.8,2,,111.6
489,23,8/15/2024,South,Clothing,143.55,4,SPRING20,574.2
490,291,9/21/2024,East,Home,71.16,2,,142.32
491,22,7/2/2024,East,Books,195.74,4,,782.96
492,197,5/25/2024,South,Clothing,19.63,2,,39.26
493,177,4/20/2024,South,Home,121.13,2,SPRING20,242.26
494,119,3/1/2024,South,Clothing,29.41,1,WELCOME10,29.41
495,147,6/9/2024,West,Books,44.15,2,WELCOME10,88.3
496,140,12/20/2024,North,Home,20.7,4,,82.8
497,140,12/5/2024,North,Books,166.95,1,,166.95
498,69,6/4/2024,North,Books,154.08,3,WELCOME10,462.24
499,174,2/20/2024,East,Home,17.58,2,,35.16
500,193,12/2/2024,West,Electronics,50.09,3,,150.27
501,90,8/7/2024,East,Clothing,155.58,2,,311.16
502,41,10/9/2024,West,Books,18.19,4,,72.76
503,264,2/7/2024,South,Home,57.96,3,,173.88
504,264,7/3/2024,North,Home,54.92,3,,164.76
505,247,6/17/2024,West,Clothing,53.14,3,,159.42000000000002
506,290,6/15/2024,North,Electronics,193.69,4,,774.76
507,59,5/27/2024,East,Electronics,153.22,2,WELCOME10,306.44
508,264,10/27/2024,East,Clothing,19.74,4,,78.96
509,163,5/28/2024,South,Electronics,63.68,3,,191.04
510,133,3/4/2024,West,Electronics,96.37,1,,96.37
511,119,5/29/2024,South,Books,210.96,1,,210.96
512,179,11/17/2024,South,Books,185.51,1,,185.51
513,77,8/8/2024,South,Clothing,46.67,2,,93.34
514,255,5/26/2024,West,Home,32.73,4,,130.92
515,115,3/9/2024,South,Clothing,70.29,3,,210.87
516,93,5/5/2024,South,Electronics,37.52,1,WELCOME10,37.52
517,221,11/30/2024,South,Electronics,117.79,3,,353.37
518,240,2/29/2024,South,Books,89.16,1,,89.16
519,154,7/3/2024,South,Home,22.07,3,,66.21000000000001
520,248,10/27/2024,North,Books,34.35,3,,103.05000000000001
521,2,10/22/2024,South,Books,64.79,1,WELCOME10,64.79
522,270,9/11/2024,South,Clothing,137.39,1,,137.39
523,117,8/26/2024,North,Electronics,10.34,1,SPRING20,10.34
524,39,3/2/2024,North,Clothing,9.64,3,,28.92
525,214,10/15/2024,East,Electronics,9.33,2,WELCOME10,18.66
526,167,11/19/2024,West,Clothing,38.81,4,,155.24
527,162,11/5/2024,South,Clothing,25.41,1,WELCOME10,25.41
528,258,7/9/2024,South,Clothing,25.6,3,,76.80000000000001
529,246,11/27/2024,West,Home,51.16,3,SPRING20,153.48
530,114,5/16/2024,West,Home,102.08,4,,408.32
531,115,10/17/2024,South,Home,52.02,3,,156.06
532,295,2/3/2024,North,Home,11.26,4,,45.04
533,29,8/8/2024,West,Home,13.53,1,,13.53
534,204,1/26/2024,West,Electronics,43.93,3,,131.79
535,115,3/8/2024,South,Home,58.04,3,WELCOME10,174.12
536,32,1/2/2024,East,Books,76.73,2,,153.46
537,180,8/27/2024,East,Home,107.34,4,,429.36
538,67,12/11/2024,North,Books,15.11,2,,30.22
539,262,10/10/2024,North,Clothing,17.02,1,,17.02
540,1,5/1/2024,North,Home,48.76,1,WELCOME10,48.76
541,281,9/9/2024,North,Electronics,116.08,3,,348.24
542,145,11/29/2024,North,Home,59.14,1,,59.14
543,225,9/23/2024,West,Home,158.05,3,,474.15000000000003
544,298,5/24/2024,North,Books,6.95,1,SPRING20,6.95
545,153,3/20/2024,East,Home,12.58,2,WELCOME10,25.16
546,278,11/28/2024,West,Home,17.16,1,,17.16
547,47,8/13/2024,East,Clothing,277.53,4,SPRING20,1110.12
548,292,5/8/2024,North,Clothing,70.85,4,,283.4
549,69,6/7/2024,West,Home,39.63,2,SPRING20,79.26
550,33,9/16/2024,West,Electronics,126.41,2,,252.82
551,250,7/11/2024,North,Electronics,58.98,1,,58.98
552,46,10/21/2024,West,Home,108.99,3,WELCOME10,326.96999999999997
553,58,5/2/2024,South,Books,64.24,4,WELCOME10,256.96
554,154,3/8/2024,North,Clothing,113.35,4,,453.4
555,289,6/7/2024,East,Clothing,62.74,2,SPRING20,125.48
556,34,10/4/2024,West,Home,51.32,3,,153.96
557,135,1/27/2024,East,Clothing,36.91,3,,110.72999999999999
558,194,12/17/2024,East,Clothing,12.27,2,,24.54
559,32,1/11/2024,West,Books,257,3,,771
560,252,11/21/2024,East,Electronics,24.77,4,,99.08
561,142,2/6/2024,West,Electronics,30,2,,60
562,128,5/17/2024,West,Books,762.13,3,,2286.39
563,144,8/26/2024,North,Clothing,94.1,3,,282.29999999999995
564,286,8/19/2024,South,Clothing,175.66,1,WELCOME10,175.66
565,67,2/25/2024,North,Clothing,14.28,2,,28.56
566,240,4/19/2024,South,Electronics,6.47,1,,6.47
567,62,3/10/2024,South,Electronics,29.18,3,,87.53999999999999
568,212,9/23/2024,West,Clothing,125.51,4,SPRING20,502.04
569,97,9/1/2024,East,Books,31.65,1,,31.65
570,59,9/16/2024,South,Electronics,63.5,1,SPRING20,63.5
571,233,2/9/2024,North,Books,196.36,1,,196.36
572,287,2/7/2024,North,Home,122.25,1,WELCOME10,122.25
573,186,5/24/2024,East,Books,183.53,4,WELCOME10,734.12
574,97,10/8/2024,East,Home,19.99,2,WELCOME10,39.98
575,298,8/23/2024,West,Books,80.05,2,WELCOME10,160.1
576,277,10/29/2024,North,Home,37.88,3,,113.64000000000001
577,41,5/8/2024,North,Electronics,36.25,3,SPRING20,108.75
578,111,2/25/2024,West,Clothing,5.09,4,,20.36
579,133,11/7/2024,South,Home,10.49,3,,31.47
580,266,6/29/2024,West,Books,41.88,2,SPRING20,83.76
581,125,7/25/2024,West,Clothing,103.2,2,,206.4
582,219,8/13/2024,East,Electronics,20.58,3,,61.739999999999995
583,75,8/26/2024,South,Electronics,179.84,4,,719.36
584,150,11/5/2024,West,Electronics,157.45,2,WELCOME10,314.9
585,247,9/9/2024,East,Home,60.55,4,WELCOME10,242.2
586,167,1/1/2024,North,Books,133.21,1,,133.21
587,294,5/22/2024,North,Books,42.71,1,WELCOME10,42.71
588,44,9/11/2024,West,Home,99.9,2,,199.8
589,104,11/12/2024,West,Clothing,205.12,2,,410.24
590,34,11/18/2024,West,Books,26.04,3,WELCOME10,78.12
591,96,4/9/2024,West,Books,34.18,4,,136.72
592,200,12/17/2024,South,Books,65.5,4,WELCOME10,262
593,70,10/22/2024,South,Electronics,122.76,2,,245.52
594,199,3/12/2024,North,Home,38.32,2,,76.64
595,24,9/20/2024,North,Clothing,29.12,2,,58.24
596,215,5/24/2024,East,Books,54.29,3,,162.87
597,107,7/8/2024,North,Clothing,406.84,3,,1220.52
598,40,3/10/2024,East,Electronics,73.81,3,SPRING20,221.43
599,32,6/27/2024,South,Clothing,77.39,2,,154.78
600,294,2/28/2024,West,Electronics,48.34,3,WELCOME10,145.02
601,39,4/25/2024,North,Clothing,32.82,1,,32.82
602,185,12/26/2024,North,Books,19.68,2,WELCOME10,39.36
603,67,3/18/2024,South,Electronics,50.64,1,SPRING20,50.64
604,267,8/17/2024,West,Home,20.54,2,,41.08
605,17,1/12/2024,West,Home,173.68,2,,347.36
606,287,3/20/2024,West,Home,241.98,3,,725.9399999999999
607,188,8/11/2024,East,Books,42.83,4,,171.32
608,54,4/20/2024,North,Clothing,20.06,2,WELCOME10,40.12
609,122,9/19/2024,West,Books,69.25,2,SPRING20,138.5
610,241,4/16/2024,South,Clothing,112.9,2,SPRING20,225.8
611,244,7/16/2024,East,Home,31.45,3,,94.35
612,175,9/7/2024,West,Books,74.58,3,WELCOME10,223.74
613,156,8/1/2024,West,Electronics,7.13,1,,7.13
614,162,12/29/2024,North,Books,41.21,4,,164.84
615,69,6/21/2024,East,Home,54.69,2,,109.38
616,40,7/17/2024,East,Clothing,80.05,1,SPRING20,80.05
617,34,11/24/2024,West,Books,9.68,3,,29.04
618,271,12/4/2024,South,Clothing,33.84,1,WELCOME10,33.84
619,78,9/20/2024,East,Electronics,144.44,3,SPRING20,433.32
620,62,12/4/2024,East,Books,146.62,1,,146.62
621,37,3/14/2024,West,Books,18.9,2,,37.8
622,269,10/29/2024,West,Home,237.26,3,,711.78
623,283,7/31/2024,East,Home,107.54,1,,107.54
624,251,12/19/2024,South,Home,69.96,1,,69.96
625,13,4/29/2024,North,Books,141.33,2,SPRING20,282.66
626,234,3/29/2024,East,Books,8.41,1,,8.41
627,282,7/23/2024,North,Clothing,37.66,2,WELCOME10,75.32
628,230,9/6/2024,East,Books,117.07,4,SPRING20,468.28
629,170,10/28/2024,East,Home,208.66,1,,208.66
630,108,6/13/2024,East,Clothing,63.91,1,SPRING20,63.91
631,56,10/20/2024,West,Electronics,5.55,2,,11.1
632,56,2/13/2024,North,Electronics,107.35,2,,214.7
633,144,7/5/2024,North,Home,210.08,4,,840.32
634,297,4/28/2024,West,Clothing,151.28,1,WELCOME10,151.28
635,71,9/14/2024,East,Electronics,30.78,1,,30.78
636,179,12/5/2024,East,Electronics,5.85,3,,17.549999999999997
637,161,6/6/2024,South,Books,49.32,1,,49.32
638,219,2/18/2024,North,Clothing,95.4,3,WELCOME10,286.20000000000005
639,277,7/2/2024,North,Home,54.9,4,,219.6
640,39,2/15/2024,West,Electronics,149.56,1,SPRING20,149.56
641,209,1/9/2024,South,Electronics,314.32,4,WELCOME10,1257.28
642,90,10/17/2024,South,Clothing,167.1,4,,668.4
643,276,1/30/2024,West,Clothing,36.82,1,,36.82
644,65,9/13/2024,North,Books,62.21,3,,186.63
645,43,7/26/2024,East,Clothing,41.25,3,,123.75
646,98,10/2/2024,East,Home,45.26,2,,90.52
647,2,9/17/2024,West,Clothing,125.06,4,,500.24
648,90,11/23/2024,South,Electronics,68.12,4,,272.48
649,39,10/23/2024,East,Books,35.2,3,,105.60000000000001
650,19,12/11/2024,South,Home,192.63,3,,577.89
651,296,10/15/2024,South,Clothing,46.5,2,,93
652,128,3/11/2024,East,Clothing,137.38,4,SPRING20,549.52
653,272,12/18/2024,West,Electronics,74.6,4,,298.4
654,294,9/20/2024,West,Home,437.51,3,SPRING20,1312.53
655,165,9/1/2024,South,Electronics,51.67,4,,206.68
656,128,2/8/2024,East,Books,61.13,1,,61.13
657,239,7/28/2024,South,Electronics,20.37,3,SPRING20,61.11
658,258,6/6/2024,North,Books,64.24,4,,256.96
659,33,8/18/2024,East,Clothing,78.69,1,,78.69
660,159,1/4/2024,West,Home,96.6,4,WELCOME10,386.4
661,8,6/27/2024,South,Clothing,49.21,3,WELCOME10,147.63
662,113,4/1/2024,East,Electronics,31.54,1,WELCOME10,31.54
663,51,6/26/2024,West,Home,16.89,2,,33.78
664,179,12/29/2024,West,Electronics,243.86,3,WELCOME10,731.58
665,161,2/12/2024,South,Home,36.09,1,,36.09
666,198,3/11/2024,South,Home,6.93,3,,20.79
667,2,1/9/2024,East,Clothing,16.34,2,WELCOME10,32.68
668,98,6/8/2024,North,Electronics,17.19,4,,68.76
669,180,1/26/2024,West,Clothing,28.28,2,,56.56
670,31,8/13/2024,West,Home,53.53,3,,160.59
671,83,12/30/2024,West,Home,253.09,2,,506.18
672,178,11/22/2024,South,Home,60.09,1,SPRING20,60.09
673,224,9/18/2024,East,Books,10.9,1,,10.9
674,254,4/26/2024,South,Clothing,26.94,3,,80.82000000000001
675,19,4/11/2024,West,Books,54.19,2,SPRING20,108.38
676,175,4/4/2024,West,Clothing,132.17,2,WELCOME10,264.34
677,173,1/25/2024,East,Home,31.54,1,,31.54
678,220,6/23/2024,South,Home,46.23,1,,46.23
679,138,1/21/2024,South,Home,18.08,2,SPRING20,36.16
680,78,1/23/2024,North,Home,30.24,1,,30.24
681,152,5/8/2024,West,Books,106.75,4,,427
682,96,1/23/2024,East,Home,16.22,3,,48.66
683,244,6/4/2024,South,Home,59.17,4,SPRING20,236.68
684,188,8/17/2024,South,Books,156.32,3,,468.96
685,230,10/8/2024,East,Books,115.76,3,,347.28000000000003
686,126,4/22/2024,North,Electronics,142.41,3,,427.23
687,65,3/5/2024,West,Electronics,50.33,3,WELCOME10,150.99
688,130,2/15/2024,South,Clothing,342.33,4,,1369.32
689,85,2/8/2024,North,Clothing,42.89,1,,42.89
690,234,7/4/2024,West,Clothing,164.26,1,,164.26
691,69,2/22/2024,East,Electronics,47.82,3,,143.46
692,55,11/4/2024,South,Home,195.65,2,,391.3
693,26,10/15/2024,South,Home,175.35,1,,175.35
694,251,7/26/2024,North,Electronics,29.86,2,WELCOME10,59.72
695,57,6/10/2024,East,Electronics,130.06,1,,130.06
696,93,2/23/2024,West,Clothing,304.79,4,,1219.16
697,265,5/20/2024,North,Home,180.38,3,WELCOME10,541.14
698,175,12/2/2024,West,Home,33.95,4,,135.8
699,12,4/28/2024,West,Books,152.29,4,,609.16
700,137,4/6/2024,South,Books,31.76,3,,95.28
701,152,2/3/2024,West,Electronics,58.02,2,,116.04
702,218,11/3/2024,East,Home,10.94,2,,21.88
703,211,7/2/2024,South,Home,16.26,4,,65.04
704,6,2/24/2024,West,Electronics,158.95,3,,476.84999999999997
705,171,4/15/2024,North,Home,112.67,3,,338.01
706,22,9/25/2024,South,Home,49.32,3,WELCOME10,147.96
707,118,12/7/2024,East,Books,140.57,2,WELCOME10,281.14
708,74,9/23/2024,East,Home,52.34,2,,104.68
709,147,3/22/2024,West,Home,63.22,1,,63.22
710,152,3/19/2024,North,Electronics,7.39,3,,22.169999999999998
711,46,9/11/2024,East,Books,111.93,1,,111.93
712,53,12/6/2024,East,Books,132.1,4,,528.4
713,183,1/30/2024,South,Home,145.3,1,,145.3
714,169,9/25/2024,East,Home,28.94,4,,115.76
715,242,3/4/2024,South,Home,176.79,4,WELCOME10,707.16
716,279,5/15/2024,South,Electronics,59.68,4,,238.72
717,3,3/11/2024,South,Books,93.66,2,,187.32
718,215,12/4/2024,West,Books,109.22,3,,327.65999999999997
719,258,11/15/2024,East,Electronics,19.27,4,SPRING20,77.08
720,73,3/5/2024,West,Clothing,6.8,2,,13.6
721,216,8/22/2024,East,Books,87.61,3,WELCOME10,262.83
722,78,11/21/2024,South,Home,28.08,3,WELCOME10,84.24
723,49,4/26/2024,East,Electronics,101.23,1,,101.23
724,257,12/10/2024,South,Books,206.38,4,,825.52
725,43,9/27/2024,South,Clothing,126.31,1,WELCOME10,126.31
726,296,7/6/2024,North,Books,45.62,4,,182.48
727,4,12/24/2024,North,Clothing,25.97,1,,25.97
728,54,8/22/2024,West,Books,57.63,2,,115.26
729,188,2/3/2024,North,Clothing,23.16,2,,46.32
730,92,10/7/2024,West,Electronics,6.42,4,SPRING20,25.68
731,262,1/4/2024,South,Electronics,30.34,2,,60.68
732,27,10/24/2024,North,Home,350.34,1,,350.34
733,32,12/25/2024,West,Books,25.14,2,,50.28
734,12,6/30/2024,South,Home,130.03,4,,520.12
735,183,12/24/2024,South,Home,187.25,4,,749
736,130,12/27/2024,North,Home,15.26,3,,45.78
737,14,4/6/2024,South,Books,62.76,4,,251.04
738,60,12/13/2024,East,Clothing,35.96,3,SPRING20,107.88
739,210,12/13/2024,East,Books,10.06,4,WELCOME10,40.24
740,137,3/23/2024,East,Electronics,94.3,3,WELCOME10,282.9
741,39,4/28/2024,East,Electronics,148.2,2,SPRING20,296.4
742,6,6/13/2024,North,Home,83.79,2,,167.58
743,85,12/30/2024,West,Clothing,9.3,2,WELCOME10,18.6
744,188,9/19/2024,South,Home,7.61,3,,22.830000000000002
745,32,4/25/2024,West,Home,42.74,2,,85.48
746,8,6/15/2024,North,Clothing,27.86,3,WELCOME10,83.58
747,236,8/28/2024,South,Books,71.29,3,,213.87
748,161,8/14/2024,East,Electronics,138.76,3,WELCOME10,416.28
749,38,6/8/2024,North,Books,38.12,3,,114.35999999999999
750,176,3/3/2024,East,Clothing,49.24,3,,147.72
751,272,10/30/2024,South,Home,53.36,1,,53.36
752,53,2/4/2024,East,Electronics,35.16,3,WELCOME10,105.47999999999999
753,198,11/23/2024,North,Clothing,22.57,2,WELCOME10,45.14
754,29,2/12/2024,South,Clothing,74.8,2,,149.6
755,276,3/31/2024,East,Home,243.12,1,,243.12
756,274,6/27/2024,East,Home,9.45,3,,28.349999999999998
757,262,10/5/2024,West,Home,6.07,1,,6.07
758,238,1/3/2024,East,Home,111.16,2,,222.32
759,208,12/27/2024,North,Books,32.12,4,WELCOME10,128.48
760,255,5/8/2024,South,Electronics,44.23,3,,132.69
761,146,4/2/2024,South,Electronics,205.75,1,,205.75
762,210,12/25/2024,West,Electronics,58.8,1,,58.8
763,8,9/18/2024,North,Home,45.17,3,WELCOME10,135.51
764,18,7/19/2024,East,Books,44.95,1,SPRING20,44.95
765,243,1/10/2024,North,Books,19.53,1,SPRING20,19.53
766,87,12/16/2024,South,Electronics,44.55,4,,178.2
767,8,12/19/2024,West,Books,14.94,1,,14.94
768,286,1/12/2024,North,Home,61.67,4,WELCOME10,246.68
769,184,4/8/2024,North,Home,67.03,1,SPRING20,67.03
770,285,10/23/2024,North,Electronics,67.27,1,WELCOME10,67.27
771,44,11/28/2024,North,Home,153.6,4,,614.4
772,56,3/28/2024,West,Books,82.6,3,,247.79999999999998
773,233,7/8/2024,North,Home,165.53,4,WELCOME10,662.12
774,262,12/26/2024,South,Home,20.07,1,,20.07
775,192,5/10/2024,West,Books,35.87,4,,143.48
776,181,12/4/2024,West,Clothing,22.8,1,,22.8
777,106,8/9/2024,North,Books,72.79,3,WELCOME10,218.37
778,227,8/21/2024,East,Books,152.33,3,WELCOME10,456.99
779,166,8/14/2024,West,Electronics,15.78,2,SPRING20,31.56
780,261,10/30/2024,North,Home,89.4,2,,178.8
781,140,1/30/2024,West,Clothing,76.7,4,,306.8
782,30,5/2/2024,West,Electronics,413.19,3,,1239.57
783,179,12/17/2024,West,Electronics,5.08,1,WELCOME10,5.08
784,233,3/21/2024,North,Electronics,197.28,3,WELCOME10,591.84
785,180,5/7/2024,South,Home,50.88,1,,50.88
786,171,5/9/2024,North,Home,282.29,2,SPRING20,564.58
787,126,11/27/2024,West,Books,28,3,WELCOME10,84
788,90,1/2/2024,South,Home,653.05,1,,653.05
789,44,6/29/2024,West,Books,17.79,1,,17.79
790,255,4/23/2024,West,Books,133.81,4,,535.24
791,105,11/16/2024,West,Clothing,17.84,3,,53.519999999999996
792,96,7/22/2024,East,Books,140.9,2,WELCOME10,281.8
793,285,7/25/2024,South,Home,55.91,1,,55.91
794,65,12/29/2024,South,Clothing,161.61,4,,646.44
795,115,7/9/2024,North,Books,90.76,4,,363.04
796,215,3/17/2024,North,Books,58.43,3,WELCOME10,175.29
797,255,2/18/2024,West,Electronics,94.6,1,,94.6
798,128,2/6/2024,North,Home,18.53,1,WELCOME10,18.53
799,11,2/19/2024,West,Home,120.06,3,,360.18
800,32,9/27/2024,North,Home,10.32,3,,30.96
801,10,3/14/2024,East,Electronics,19.86,4,WELCOME10,79.44
802,104,3/12/2024,North,Home,134.96,3,,404.88
803,135,10/7/2024,North,Clothing,15.92,3,,47.76
804,159,3/21/2024,West,Electronics,83.36,1,,83.36
805,147,6/29/2024,East,Home,139.43,3,,418.29
806,141,11/20/2024,South,Books,377.76,4,,1511.04
807,75,4/2/2024,West,Home,37.72,1,,37.72
808,214,4/12/2024,East,Clothing,61,1,,61
809,54,9/20/2024,North,Books,64.69,2,,129.38
810,171,7/7/2024,West,Clothing,74.88,4,,299.52
811,135,1/10/2024,West,Home,21.47,3,WELCOME10,64.41
812,165,6/11/2024,South,Home,151.11,3,,453.33000000000004
813,188,11/15/2024,North,Books,198.1,2,,396.2
814,265,11/18/2024,West,Books,36.7,3,SPRING20,110.10000000000001
815,19,9/10/2024,West,Home,53.08,2,,106.16
816,107,3/9/2024,South,Books,20.02,2,SPRING20,40.04
817,22,5/1/2024,West,Clothing,56.94,1,,56.94
818,68,5/21/2024,West,Home,107.89,1,,107.89
819,15,4/9/2024,East,Books,9.41,1,,9.41
820,21,5/8/2024,East,Home,74.07,2,,148.14
821,266,2/4/2024,West,Clothing,8.04,1,,8.04
822,43,7/17/2024,East,Home,34.78,2,SPRING20,69.56
823,277,1/17/2024,South,Books,6.8,2,,13.6
824,78,6/14/2024,West,Electronics,25.39,4,,101.56
825,43,9/30/2024,East,Electronics,148.15,4,WELCOME10,592.6
826,292,6/15/2024,North,Electronics,130.05,3,,390.15000000000003
827,157,5/7/2024,North,Electronics,29.38,2,,58.76
828,235,3/23/2024,East,Electronics,38.3,4,,153.2
829,86,1/15/2024,North,Home,86.71,3,,260.13
830,35,6/14/2024,West,Clothing,82.79,3,,248.37
831,235,9/8/2024,East,Home,20.97,3,WELCOME10,62.91
832,221,8/21/2024,West,Books,9.06,3,,27.18
833,211,6/10/2024,North,Books,49.61,1,WELCOME10,49.61
834,287,6/26/2024,South,Electronics,43.69,4,,174.76
835,65,7/24/2024,South,Books,27.01,3,,81.03
836,206,4/9/2024,North,Books,111.64,1,WELCOME10,111.64
837,275,6/8/2024,South,Clothing,151.43,4,WELCOME10,605.72
838,167,7/5/2024,East,Clothing,69.61,4,,278.44
839,245,5/4/2024,West,Books,13.27,2,WELCOME10,26.54
840,181,7/20/2024,North,Clothing,8.02,3,,24.06
841,212,11/28/2024,East,Home,8.9,3,WELCOME10,26.700000000000003
842,26,10/11/2024,North,Books,17.19,1,,17.19
843,233,11/5/2024,East,Books,41.19,2,WELCOME10,82.38
844,70,7/5/2024,West,Home,115.52,1,,115.52
845,32,8/10/2024,South,Home,49.59,1,SPRING20,49.59
846,60,9/26/2024,East,Home,216.89,2,,433.78
847,30,2/8/2024,West,Home,57.67,2,WELCOME10,115.34
848,124,4/1/2024,East,Home,59.71,2,WELCOME10,119.42
849,33,3/28/2024,West,Electronics,99.48,4,WELCOME10,397.92
850,250,5/3/2024,North,Clothing,82.2,2,SPRING20,164.4
851,201,2/29/2024,East,Home,95.29,1,,95.29
852,69,6/23/2024,East,Home,67.95,3,,203.85000000000002
853,39,11/14/2024,East,Clothing,147.63,4,,590.52
854,98,10/22/2024,North,Clothing,9.61,4,,38.44
855,266,11/23/2024,South,Electronics,379.5,2,,759
856,277,1/26/2024,West,Books,92.2,4,,368.8
857,244,10/15/2024,West,Electronics,42.98,1,,42.98
858,157,6/7/2024,East,Books,23.91,4,,95.64
859,174,4/26/2024,East,Home,162.68,4,,650.72
860,93,12/13/2024,South,Electronics,104.97,4,WELCOME10,419.88
861,5,6/18/2024,West,Electronics,114.72,4,,458.88
862,208,7/4/2024,South,Electronics,93,2,,186
863,32,4/26/2024,South,Books,84.71,1,SPRING20,84.71
864,229,6/22/2024,South,Electronics,74.71,3,,224.13
865,77,8/29/2024,North,Books,136.15,2,,272.3
866,251,12/7/2024,North,Home,26.46,2,,52.92
867,295,10/8/2024,West,Home,343.54,3,,1030.6200000000001
868,84,3/14/2024,West,Electronics,11.79,4,WELCOME10,47.16
869,209,7/21/2024,South,Home,111.85,4,,447.4
870,75,5/14/2024,West,Clothing,23.29,4,WELCOME10,93.16
871,71,9/15/2024,North,Electronics,106.22,2,,212.44
872,229,1/31/2024,West,Electronics,59.42,2,,118.84
873,186,3/18/2024,North,Clothing,14.33,4,,57.32
874,287,7/25/2024,West,Home,7.38,2,,14.76
875,100,12/13/2024,North,Electronics,54.68,3,WELCOME10,164.04
876,295,12/18/2024,South,Home,5.73,2,,11.46
877,42,10/25/2024,North,Home,72.74,2,SPRING20,145.48
878,177,10/1/2024,West,Clothing,76.94,3,,230.82
879,171,7/30/2024,West,Clothing,13.1,3,,39.3
880,243,8/4/2024,East,Clothing,128.66,3,,385.98
881,151,6/19/2024,South,Clothing,172.45,4,,689.8
882,65,1/25/2024,North,Home,133.69,3,,401.07
883,190,8/30/2024,South,Home,53.68,2,,107.36
884,189,5/30/2024,East,Clothing,87.76,3,,263.28000000000003
885,97,6/5/2024,West,Electronics,44.54,4,,178.16
886,156,2/23/2024,North,Home,216.4,4,WELCOME10,865.6
887,257,6/7/2024,East,Clothing,29.34,4,WELCOME10,117.36
888,155,4/13/2024,West,Electronics,30.04,3,WELCOME10,90.12
889,277,4/22/2024,South,Books,8.9,2,,17.8
890,251,8/26/2024,South,Books,46.9,4,WELCOME10,187.6
891,27,1/22/2024,East,Home,158.38,1,,158.38
892,275,6/4/2024,West,Books,29.11,3,SPRING20,87.33
893,254,5/13/2024,South,Books,31.77,4,,127.08
894,231,7/19/2024,North,Home,20.45,4,,81.8
895,118,3/23/2024,North,Home,68.8,4,SPRING20,275.2
896,63,8/26/2024,North,Clothing,32.61,4,,130.44
897,167,2/18/2024,North,Clothing,34.23,2,,68.46
898,152,8/24/2024,East,Books,77.82,2,,155.64
899,69,9/9/2024,North,Books,8.47,3,WELCOME10,25.410000000000004
900,198,12/16/2024,East,Electronics,12.42,4,,49.68
901,190,1/25/2024,South,Electronics,217.86,4,,871.44
902,276,4/16/2024,South,Home,61.31,3,,183.93
903,248,6/17/2024,East,Clothing,234.54,3,WELCOME10,703.62
904,165,8/23/2024,South,Clothing,13.64,3,WELCOME10,40.92
905,274,6/17/2024,West,Clothing,10.34,4,,41.36
906,150,6/24/2024,East,Electronics,10.2,4,,40.8
907,206,7/31/2024,West,Electronics,16.78,3,WELCOME10,50.34
908,244,12/11/2024,West,Home,12.14,4,,48.56
909,155,9/18/2024,East,Home,78.53,1,WELCOME10,78.53
910,242,8/28/2024,North,Electronics,262.57,2,,525.14
911,9,1/24/2024,East,Clothing,204.79,3,,614.37
912,69,7/15/2024,North,Home,32.21,1,,32.21
913,83,5/28/2024,North,Clothing,233.18,2,WELCOME10,466.36
914,214,5/21/2024,North,Books,87.7,4,,350.8
915,222,1/30/2024,East,Clothing,26.64,2,,53.28
916,203,6/5/2024,East,Home,67.24,1,,67.24
917,90,8/30/2024,West,Home,43.43,2,,86.86
918,280,7/1/2024,West,Electronics,143.45,2,SPRING20,286.9
919,270,7/10/2024,East,Home,92.38,4,,369.52
920,217,8/19/2024,West,Clothing,116.35,2,,232.7
921,25,3/1/2024,North,Electronics,11.98,2,,23.96
922,250,7/16/2024,South,Home,56.94,1,,56.94
923,220,7/30/2024,East,Books,9.86,1,WELCOME10,9.86
924,122,12/1/2024,West,Clothing,26.47,4,,105.88
925,142,4/10/2024,North,Clothing,86.99,3,,260.96999999999997
926,7,2/22/2024,West,Books,30.09,4,WELCOME10,120.36
927,3,4/2/2024,West,Clothing,17.88,2,,35.76
928,235,12/14/2024,West,Electronics,81.81,4,,327.24
929,157,4/6/2024,South,Home,13.22,3,,39.660000000000004
930,36,4/16/2024,South,Electronics,77.4,1,,77.4
931,206,8/17/2024,East,Clothing,27,2,,54
932,175,2/27/2024,East,Electronics,19.49,4,WELCOME10,77.96
933,79,2/9/2024,West,Clothing,155.43,2,,310.86
934,106,12/12/2024,South,Clothing,12.39,4,,49.56
935,220,3/19/2024,West,Home,195.68,1,,195.68
936,149,3/2/2024,West,Electronics,96.37,3,WELCOME10,289.11
937,152,4/16/2024,North,Clothing,54.92,1,,54.92
938,200,8/26/2024,South,Home,177.4,2,,354.8
939,263,11/9/2024,West,Clothing,86.74,1,,86.74
940,278,5/13/2024,South,Clothing,100.12,4,,400.48
941,51,7/23/2024,South,Home,34.38,3,,103.14000000000001
942,91,6/2/2024,West,Books,19.14,4,,76.56
943,10,9/12/2024,North,Clothing,13.9,3,,41.7
944,106,5/2/2024,South,Home,190.68,1,,190.68
945,86,4/3/2024,North,Clothing,98.98,2,,197.96
946,34,10/20/2024,East,Electronics,42.67,1,,42.67
947,122,5/23/2024,West,Books,125.58,3,SPRING20,376.74
948,34,12/14/2024,North,Home,124.5,3,,373.5
949,127,2/11/2024,East,Home,46.52,4,WELCOME10,186.08
950,8,11/15/2024,East,Electronics,337.68,1,,337.68
951,28,9/20/2024,South,Electronics,168.39,3,WELCOME10,505.16999999999996
952,297,5/10/2024,West,Electronics,69.48,3,,208.44
953,46,6/23/2024,West,Books,30.95,3,,92.85
954,138,3/16/2024,West,Books,19.98,3,,59.94
955,240,6/29/2024,East,Home,20.35,1,,20.35
956,47,3/7/2024,East,Books,88.48,1,,88.48
957,122,8/28/2024,South,Electronics,170.99,1,WELCOME10,170.99
958,59,6/14/2024,South,Electronics,15.27,4,,61.08
959,22,1/26/2024,East,Home,7.7,4,WELCOME10,30.8
960,257,12/6/2024,East,Home,93.59,1,WELCOME10,93.59
961,148,7/11/2024,East,Home,166.09,2,,332.18
962,148,5/8/2024,South,Books,237.87,2,,475.74
963,28,2/22/2024,South,Clothing,54.26,4,,217.04
964,98,12/3/2024,South,Home,16.73,1,,16.73
965,233,2/24/2024,South,Home,289.22,3,,867.6600000000001
966,239,5/7/2024,West,Clothing,199.25,2,,398.5
967,235,6/12/2024,North,Books,72.25,2,,144.5
968,240,11/30/2024,East,Books,30.51,4,,122.04
969,196,11/12/2024,East,Electronics,30.49,1,SPRING20,30.49
970,292,6/27/2024,West,Electronics,13.38,4,WELCOME10,53.52
971,96,4/10/2024,South,Clothing,18.53,4,SPRING20,74.12
972,30,4/16/2024,East,Home,14.53,4,,58.12
973,279,8/18/2024,West,Clothing,104.8,4,,419.2
974,248,5/31/2024,South,Electronics,103.33,3,,309.99
975,267,7/12/2024,North,Clothing,139.6,4,,558.4
976,299,9/13/2024,West,Electronics,16.46,4,,65.84
977,73,10/15/2024,South,Clothing,39.88,3,,119.64000000000001
978,32,4/14/2024,South,Clothing,70.63,3,,211.89
979,83,12/12/2024,West,Electronics,192.16,3,,576.48
980,136,11/27/2024,South,Home,53.71,2,SPRING20,107.42
981,216,12/23/2024,North,Home,134.98,4,,539.92
982,137,4/24/2024,North,Clothing,9.53,3,SPRING20,28.589999999999996
983,24,1/26/2024,South,Clothing,210.96,1,SPRING20,210.96
984,291,7/2/2024,West,Clothing,135.94,3,WELCOME10,407.82
985,252,3/10/2024,North,Clothing,51.37,1,,51.37
986,132,1/6/2024,East,Clothing,76.79,1,SPRING20,76.79
987,16,9/27/2024,West,Electronics,33.37,4,SPRING20,133.48
988,281,8/3/2024,West,Clothing,16.48,4,,65.92
989,63,1/3/2024,East,Books,6.14,1,WELCOME10,6.14
990,107,4/1/2024,West,Home,116.94,2,SPRING20,233.88
991,122,3/5/2024,North,Home,57.98,3,,173.94
992,27,9/5/2024,North,Books,66.63,4,,266.52
993,99,8/14/2024,North,Home,66.69,1,SPRING20,66.69
994,238,3/28/2024,South,Books,110.19,1,,110.19
995,48,1/25/2024,South,Clothing,62.63,1,,62.63
996,164,4/25/2024,North,Clothing,7.64,1,,7.64
997,145,9/27/2024,South,Books,50.88,4,,203.52
998,216,11/29/2024,East,Home,31.22,3,SPRING20,93.66
999,240,8/28/2024,North,Electronics,287.13,4,,1148.52
1000,186,10/15/2024,East,Home,42.42,4,,169.68
